insert into restaurants (id, name, phone_number, coordinates, address, image, place, description)
    values ('229773be-9a9a-4ffb-8374-5d0e20d441d5', 'Sonho Selvagem', '(XX) XXXXX-XXXX', '{"lat": -18.90149967855578, "lng": -40.07541135622722}', 'Rua Uirapuru 9, Jaguaré - Espírito Santo, 29950, Brazil', 'https://images.unsplash.com/photo-1494583882007-bfd2321fb8e2?ixlib=rb-1.2.1&ixid=MnwxMjA3fDB8MHxwaG90by1wYWdlfHx8fGVufDB8fHx8&auto=format&fit=crop&w=1452&q=80', 'Jaguaré', 'Temos grande opçôes de lanches e sobremesas para você, fique de olho especialmente em nossos hambúrgueres 👀, são os melhores da região. Sempre adicionaremos novas comidas, aguarde 😋');
insert into restaurants (id, name, phone_number, coordinates, address, image, place, description)
    values ('92ba59c9-6b68-49e3-8e17-8f6d8e56fd3a', 'O sabor da azeitona', '(XX) XXXXX-XXXX', '{"lat": -18.910109586305925, "lng": -40.07093400307956}', 'Rua Maximiniano Laquin Jaguaré - Espírito Santo, 29950, Brazil', 'https://images.unsplash.com/photo-1620876578206-9de0b563a3bc?ixlib=rb-1.2.1&ixid=MnwxMjA3fDB8MHxwaG90by1wYWdlfHx8fGVufDB8fHx8&auto=format&fit=crop&w=1470&q=80', 'Jaguaré', 'Todas as receitas de nossas pizzas contém azeitona, nossas azeitonas são diferenciadas e deixam as pizzas deliciosas 🍕');
insert into restaurants (id, name, phone_number, coordinates, address, image, place, description)
    values ('c7908d6a-f6e9-4cb0-b8e6-f319ad094459', 'O Mercador da meia-noite', '(XX) XXXXX-XXXX', '{"lat": -18.701530197738077, "lng": -39.887549999846435}', 'Rodovia Br 381 São Mateus - Espírito Santo, Brazil', 'https://images.unsplash.com/photo-1499578124509-1611b77778c8?ixlib=rb-1.2.1&ixid=MnwxMjA3fDB8MHxwaG90by1wYWdlfHx8fGVufDB8fHx8&auto=format&fit=crop&w=1476&q=80', 'São Mateus', 'Oferecemos apenas bebidas! Para você que pediu comida e não está satisfeito com os preços🤑 das bebidas para acompanhar, aqui você não terá problema, temos os melhores preços!');
insert into restaurants (id, name, phone_number, coordinates, address, image, place, description)
    values ('d110a859-c58e-4cdc-9e3b-a929da68614d', 'A jóia marinha', '(XX) XXXXX-XXXX', '{"lat": -18.918546488413682, "lng": -40.076999315352445}', 'Rua Uirapuru 1771, Jaguaré - Espírito Santo,, Brazil', 'https://images.unsplash.com/photo-1562158079-e4b9ed06b62d?ixlib=rb-1.2.1&ixid=MnwxMjA3fDB8MHxwaG90by1wYWdlfHx8fGVufDB8fHx8&auto=format&fit=crop&w=1470&q=80', 'Jaguaré', 'Entregando um pouco do gosto marinho para você, desfrute dos nossos sabores!');
-- ================================================================================================================================ --
insert into operating_hours (restaurant_id, weekday, start_hour, end_hour)
    values ('229773be-9a9a-4ffb-8374-5d0e20d441d5', 'Monday', '9:00:00', '11:00:00');
insert into operating_hours (restaurant_id, weekday, start_hour, end_hour)
    values ('229773be-9a9a-4ffb-8374-5d0e20d441d5', 'Monday', '17:30:00', '22:00:00');
insert into operating_hours (restaurant_id, weekday, start_hour, end_hour)
    values ('229773be-9a9a-4ffb-8374-5d0e20d441d5', 'Tuesday', '17:30:00', '22:00:00');
insert into operating_hours (restaurant_id, weekday, start_hour, end_hour)
    values ('229773be-9a9a-4ffb-8374-5d0e20d441d5', 'Tuesday', '17:30:00', '22:00:00');
insert into operating_hours (restaurant_id, weekday, start_hour, end_hour)
    values ('229773be-9a9a-4ffb-8374-5d0e20d441d5', 'Wednesday', '17:30:00', '22:00:00');
insert into operating_hours (restaurant_id, weekday, start_hour, end_hour)
    values ('229773be-9a9a-4ffb-8374-5d0e20d441d5', 'Wednesday', '17:30:00', '22:00:00');
insert into operating_hours (restaurant_id, weekday, start_hour, end_hour)
    values ('229773be-9a9a-4ffb-8374-5d0e20d441d5', 'Thursday', '17:30:00', '22:00:00');
insert into operating_hours (restaurant_id, weekday, start_hour, end_hour)
    values ('229773be-9a9a-4ffb-8374-5d0e20d441d5', 'Thursday', '17:30:00', '22:00:00');
insert into operating_hours (restaurant_id, weekday, start_hour, end_hour)
    values ('229773be-9a9a-4ffb-8374-5d0e20d441d5', 'Friday', '17:30:00', '22:00:00');
insert into operating_hours (restaurant_id, weekday, start_hour, end_hour)
    values ('229773be-9a9a-4ffb-8374-5d0e20d441d5', 'Friday', '17:30:00', '22:00:00');
insert into operating_hours (restaurant_id, weekday, start_hour, end_hour)
    values ('92ba59c9-6b68-49e3-8e17-8f6d8e56fd3a', 'Monday', '19:30:00', '23:30:00');
insert into operating_hours (restaurant_id, weekday, start_hour, end_hour)
    values ('92ba59c9-6b68-49e3-8e17-8f6d8e56fd3a', 'Tuesday', '19:30:00', '23:30:00');
insert into operating_hours (restaurant_id, weekday, start_hour, end_hour)
    values ('92ba59c9-6b68-49e3-8e17-8f6d8e56fd3a', 'Wednesday', '19:30:00', '23:30:00');
insert into operating_hours (restaurant_id, weekday, start_hour, end_hour)
    values ('92ba59c9-6b68-49e3-8e17-8f6d8e56fd3a', 'Thursday', '19:30:00', '23:30:00');
insert into operating_hours (restaurant_id, weekday, start_hour, end_hour)
    values ('92ba59c9-6b68-49e3-8e17-8f6d8e56fd3a', 'Friday', '19:30:00', '23:30:00');
insert into operating_hours (restaurant_id, weekday, start_hour, end_hour)
    values ('92ba59c9-6b68-49e3-8e17-8f6d8e56fd3a', 'Saturday', '19:30:00', '23:30:00');
insert into operating_hours (restaurant_id, weekday, start_hour, end_hour)
    values ('92ba59c9-6b68-49e3-8e17-8f6d8e56fd3a', 'Sunday', '19:30:00', '23:30:00');
insert into operating_hours (restaurant_id, weekday, start_hour, end_hour)
    values ('c7908d6a-f6e9-4cb0-b8e6-f319ad094459', 'Monday', '22:00:00', '23:59:59');
insert into operating_hours (restaurant_id, weekday, start_hour, end_hour)
    values ('c7908d6a-f6e9-4cb0-b8e6-f319ad094459', 'Tuesday', '22:00:00', '23:59:59');
insert into operating_hours (restaurant_id, weekday, start_hour, end_hour)
    values ('c7908d6a-f6e9-4cb0-b8e6-f319ad094459', 'Wednesday', '22:00:00', '23:59:59');
insert into operating_hours (restaurant_id, weekday, start_hour, end_hour)
    values ('c7908d6a-f6e9-4cb0-b8e6-f319ad094459', 'Thursday', '22:00:00', '23:59:59');
insert into operating_hours (restaurant_id, weekday, start_hour, end_hour)
    values ('c7908d6a-f6e9-4cb0-b8e6-f319ad094459', 'Friday', '22:00:00', '23:59:59');
insert into operating_hours (restaurant_id, weekday, start_hour, end_hour)
    values ('c7908d6a-f6e9-4cb0-b8e6-f319ad094459', 'Saturday', '22:00:00', '23:59:59');
insert into operating_hours (restaurant_id, weekday, start_hour, end_hour)
    values ('c7908d6a-f6e9-4cb0-b8e6-f319ad094459', 'Sunday', '22:00:00', '23:59:59');
insert into operating_hours (restaurant_id, weekday, start_hour, end_hour)
    values ('d110a859-c58e-4cdc-9e3b-a929da68614d', 'Wednesday', '10:30:00', '13:30:00');
insert into operating_hours (restaurant_id, weekday, start_hour, end_hour)
    values ('d110a859-c58e-4cdc-9e3b-a929da68614d', 'Friday', '10:30:00', '13:30:00');
insert into operating_hours (restaurant_id, weekday, start_hour, end_hour)
    values ('d110a859-c58e-4cdc-9e3b-a929da68614d', 'Saturday', '10:30:00', '13:30:00');
insert into operating_hours (restaurant_id, weekday, start_hour, end_hour)
    values ('d110a859-c58e-4cdc-9e3b-a929da68614d', 'Sunday', '10:30:00', '13:30:00');
-- ================================================================================================================================ --
insert into foods (restaurant_id, name, price, image, description, tag, stripe_food_id, stripe_price_id)
    values ('229773be-9a9a-4ffb-8374-5d0e20d441d5', 'Hambúrguer', 18, 'https://images.unsplash.com/photo-1586816001966-79b736744398?ixlib=rb-1.2.1&ixid=MnwxMjA3fDB8MHxwaG90by1wYWdlfHx8fGVufDB8fHx8&auto=format&fit=crop&w=1470&q=80', 'Pão quentinho com gergelim, carne, alface, tomate, cebola, queijo tipo cheddar, duas fatias finas de bacon e maionese artesanal.', 'Hambúrgueres', 'id_produto', 'id_preco');
insert into foods (restaurant_id, name, price, image, description, tag, stripe_food_id, stripe_price_id)
    values ('229773be-9a9a-4ffb-8374-5d0e20d441d5', 'Batata doce frita', 23, 'https://images.unsplash.com/photo-1543352634-99a5d50ae78e?ixlib=rb-1.2.1&ixid=MnwxMjA3fDB8MHxwaG90by1wYWdlfHx8fGVufDB8fHx8&auto=format&fit=crop&w=1471&q=80', 'Uma tigela cheia de batatas crocantes e irresistíveis com um leve toque de limão e maionese para acompanhar.', 'Batatas fritas', 'id_produto', 'id_preco');
insert into foods (restaurant_id, name, price, image, description, tag, stripe_food_id, stripe_price_id)
    values ('229773be-9a9a-4ffb-8374-5d0e20d441d5', 'Batata frita', 23, 'https://images.unsplash.com/photo-1630431343545-e9d2e0880487?ixlib=rb-1.2.1&ixid=MnwxMjA3fDB8MHxwaG90by1wYWdlfHx8fGVufDB8fHx8&auto=format&fit=crop&w=1374&q=80', 'Simplesmente batatas fritas com uma pitada de sal em uma tigela.', 'Batatas fritas', 'id_produto', 'id_preco');
insert into foods (restaurant_id, name, price, image, description, tag, stripe_food_id, stripe_price_id)
    values ('229773be-9a9a-4ffb-8374-5d0e20d441d5', 'Coca cola', 3, 'https://images.unsplash.com/photo-1594971475674-6a97f8fe8c2b?ixlib=rb-1.2.1&ixid=MnwxMjA3fDB8MHxwaG90by1wYWdlfHx8fGVufDB8fHx8&auto=format&fit=crop&w=1374&q=80', 'COCA-COLA SABOR ORIGINAL 250ML.', 'Bebidas', 'id_produto', 'id_preco');
insert into foods (restaurant_id, name, price, image, description, tag, stripe_food_id, stripe_price_id)
    values ('229773be-9a9a-4ffb-8374-5d0e20d441d5', 'Sanduíche Plus', 35, 'https://images.pexels.com/photos/1600711/pexels-photo-1600711.jpeg?auto=compress&cs=tinysrgb&dpr=3&h=750&w=1260', 'Porção para quatro pessoas. Cada sanduíche possui carne, tomate, ovo, alface, queijo e fatias de bacon, a porção também vem com batatas fritas', 'Sanduíches', 'id_produto', 'id_preco');
insert into foods (restaurant_id, name, price, image, description, tag, stripe_food_id, stripe_price_id)
    values ('229773be-9a9a-4ffb-8374-5d0e20d441d5', 'Cachorro-quente', 18, 'https://images.pexels.com/photos/4518643/pexels-photo-4518643.jpeg?auto=compress&cs=tinysrgb&dpr=3&h=750&w=1260', 'Servido no famoso pão acompanhado de salsicha, mostarda, ketchup e maionese.', 'Cachorros-quentes', 'id_produto', 'id_preco');
insert into foods (restaurant_id, name, price, image, description, tag, stripe_food_id, stripe_price_id)
    values ('229773be-9a9a-4ffb-8374-5d0e20d441d5', 'Açaí', 39.90, 'https://images.unsplash.com/photo-1554136362-9ce6476bf93a?ixlib=rb-1.2.1&ixid=MnwxMjA3fDB8MHxwaG90by1wYWdlfHx8fGVufDB8fHx8&auto=format&fit=crop&w=1364&q=80', 'Açaí de um litro com banana, granola e morango', 'Sorvetes', 'id_produto', 'id_preco');
insert into foods (restaurant_id, name, price, image, description, tag, stripe_food_id, stripe_price_id)
    values ('229773be-9a9a-4ffb-8374-5d0e20d441d5', 'Donuts', 11.90, 'https://images.unsplash.com/photo-1527515545081-5db817172677?ixlib=rb-1.2.1&ixid=MnwxMjA3fDB8MHxwaG90by1wYWdlfHx8fGVufDB8fHx8&auto=format&fit=crop&w=1470&q=80', 'Deliciosos donuts 🍩🍩🍩', 'Donuts', 'id_produto', 'id_preco');
-- ================================================================================================================================ --
insert into foods (restaurant_id, name, price, image, description, tag, stripe_food_id, stripe_price_id)
    values ('92ba59c9-6b68-49e3-8e17-8f6d8e56fd3a', 'Pizza', 80, 'https://images.unsplash.com/photo-1602932228690-c08241c46ffa?ixlib=rb-1.2.1&ixid=MnwxMjA3fDB8MHxwaG90by1wYWdlfHx8fGVufDB8fHx8&auto=format&fit=crop&w=1470&q=80', 'Pizza grande com calabresa, mussarela, borda de catupiry e ... muita azeitona😍', 'Pizzas', 'id_produto', 'id_preco');
-- ================================================================================================================================ --
insert into foods (restaurant_id, name, price, image, description, tag, stripe_food_id, stripe_price_id)
    values ('d110a859-c58e-4cdc-9e3b-a929da68614d', 'Lagostas grelhadas', 115, 'https://images.unsplash.com/photo-1585546247643-14e9deb7c998?ixlib=rb-1.2.1&ixid=MnwxMjA3fDB8MHxwaG90by1wYWdlfHx8fGVufDB8fHx8&auto=format&fit=crop&w=1374&q=80', 'Você nunca irá encontrar uma lagosta melhor do que é feita aqui!', 'Frutos do mar', 'id_produto', 'id_preco');
-- ================================================================================================================================ --
insert into foods (restaurant_id, name, price, image, description, tag, stripe_food_id, stripe_price_id)
    values ('c7908d6a-f6e9-4cb0-b8e6-f319ad094459', 'Água', 2.50, 'https://images.unsplash.com/photo-1616118132534-381148898bb4?ixlib=rb-1.2.1&ixid=MnwxMjA3fDB8MHxwaG90by1wYWdlfHx8fGVufDB8fHx8&auto=format&fit=crop&w=1528&q=80', 'Simplesmente um litro de 500ml de água', 'Bebidas', 'id_produto', 'id_preco');